id,username,full_name,profile_pic_url,is_private,is_verified
62575487872,tamil_drama_club_vit,street play squad,https://scontent-atl3-1.cdninstagram.com/v/t51.2885-19/399285789_651827783801544_3523385718008456529_n.jpg?stp=dst-jpg_s150x150&_nc_ht=scontent-atl3-1.cdninstagram.com&_nc_cat=100&_nc_ohc=VI_L8a4I8i4AX98pKOS&edm=AOG-cTkBAAAA&ccb=7-5&oh=00_AfDVZA5jyj6yCsyGf9TrcxBTKpGClAai2H7Rzov_reb34A&oe=65650A40&_nc_sid=17ea04,FALSE,FALSE
59627243931,sand_ee7069,Sandeep,https://scontent-atl3-1.cdninstagram.com/v/t51.2885-19/347081584_2018478795179280_5328464896468225416_n.jpg?stp=dst-jpg_s150x150&_nc_ht=scontent-atl3-1.cdninstagram.com&_nc_cat=100&_nc_ohc=EwuCfw79hxgAX-0zNk3&edm=AOG-cTkBAAAA&ccb=7-5&oh=00_AfCDcOCAiEbc0u_XizrK0wlq_VfZ1fkRRAhZEjrRMRqEsw&oe=6564B4F6&_nc_sid=17ea04,FALSE,FALSE
32165557949,nathish__30,Nathish,https://scontent-atl3-1.cdninstagram.com/v/t51.2885-19/404939116_708994090887102_3183617341787963315_n.jpg?stp=dst-jpg_s150x150&_nc_ht=scontent-atl3-1.cdninstagram.com&_nc_cat=106&_nc_ohc=k56n86EostwAX9TSd4B&edm=AOG-cTkBAAAA&ccb=7-5&oh=00_AfDSozNHEr7Pgc6xHOuGBxAM-vU14IdvMjvE3syYdkv6Yw&oe=65638A1E&_nc_sid=17ea04,FALSE,FALSE
44972758558,aravind_0053,üíõ‚ú®ARAVIND‚ú®üíõ,https://scontent-atl3-1.cdninstagram.com/v/t51.2885-19/399163250_673435674913473_2343990262293838585_n.jpg?stp=dst-jpg_s150x150&_nc_ht=scontent-atl3-1.cdninstagram.com&_nc_cat=109&_nc_ohc=SvezjnWJCRQAX_M7Nwy&edm=AOG-cTkBAAAA&ccb=7-5&oh=00_AfC1EqI6Y31-IrTlht1fbYWbM3WSwSPEYbyS9NNr_loa7w&oe=6564FC36&_nc_sid=17ea04,TRUE,FALSE
36307516369,_yasu_cutie,üêºüñ§ÿ™ÿπŸÑ€åŸÖ,https://scontent-atl3-2.cdninstagram.com/v/t51.2885-19/403924365_1118549232621026_8473691008607799956_n.jpg?stp=dst-jpg_s150x150&_nc_ht=scontent-atl3-2.cdninstagram.com&_nc_cat=102&_nc_ohc=-R1GDvFrZnQAX82ZR5i&edm=AOG-cTkBAAAA&ccb=7-5&oh=00_AfCQlZDqaSoKIAoIviuB_aMUR4HQgGtetBXn-dVmrilXlA&oe=6563EF83&_nc_sid=17ea04,TRUE,FALSE
62237109871,_kavin_vaali_,Kavin Vaali,https://scontent-atl3-1.cdninstagram.com/v/t51.2885-19/384767616_1388672901713348_8332404178367065925_n.jpg?stp=dst-jpg_s150x150&_nc_ht=scontent-atl3-1.cdninstagram.com&_nc_cat=108&_nc_ohc=-33o2q3YbKQAX_pZ_5O&edm=AOG-cTkBAAAA&ccb=7-5&oh=00_AfD1eE2rtH7Axs96fZFYehPgLJ0RUQGHShgV0e4fmllYMw&oe=656523C6&_nc_sid=17ea04,TRUE,FALSE
29076119925,_._.n.a.v.i.n._._,N.A.V.I.N,https://scontent-atl3-1.cdninstagram.com/v/t51.2885-19/367987431_955042312252917_4349935044653544821_n.jpg?stp=dst-jpg_s150x150&_nc_ht=scontent-atl3-1.cdninstagram.com&_nc_cat=109&_nc_ohc=uxoq9KnBMtcAX9tR3m7&edm=AOG-cTkBAAAA&ccb=7-5&oh=00_AfBFbZ-dHOQWqr4ZQxOBg9X3D-MkBiCF3WqVmyPChx0YVQ&oe=6564655E&_nc_sid=17ea04,TRUE,FALSE
18255593523,shyamsundar_29,Shyam‚ù£Ô∏è,https://scontent-atl3-1.cdninstagram.com/v/t51.2885-19/365463750_970921964162115_7030475346626302914_n.jpg?stp=dst-jpg_s150x150&_nc_ht=scontent-atl3-1.cdninstagram.com&_nc_cat=103&_nc_ohc=EhinX85KJEwAX-OvbPV&edm=AOG-cTkBAAAA&ccb=7-5&oh=00_AfAeqLbNhlLRwWFMgXAXxDW1erkzPQ2oDlRBFLVYIcp4sA&oe=6564EFDC&_nc_sid=17ea04,TRUE,FALSE
62850413320,ameen_a5537,Ameena,https://scontent-atl3-1.cdninstagram.com/v/t51.2885-19/403854575_365962002665736_5987667407006141771_n.jpg?stp=dst-jpg_s150x150&_nc_ht=scontent-atl3-1.cdninstagram.com&_nc_cat=100&_nc_ohc=ez5XLwZIogQAX-yURg4&edm=AOG-cTkBAAAA&ccb=7-5&oh=00_AfAeAy-n11X-xVxDh5rzCEcUK_6rxsuXxUH1a6uDoAP6rg&oe=6564ABE8&_nc_sid=17ea04,FALSE,FALSE
8188837644,aryan.kumar.156,Aryan Kumar,https://scontent-atl3-2.cdninstagram.com/v/t51.2885-19/337290899_154161853907677_6044712930131562483_n.jpg?stp=dst-jpg_s150x150&_nc_ht=scontent-atl3-2.cdninstagram.com&_nc_cat=101&_nc_ohc=NG6D-nac6eYAX8GfWYU&edm=AOG-cTkBAAAA&ccb=7-5&oh=00_AfBEZ5IyQewKf9Exczzc6mK_9bvFJ-qNrw478VQfa7ctMg&oe=6564F6A9&_nc_sid=17ea04,TRUE,FALSE
8348451562,govindaraj_senthilnathan,Govindaraj Senthilnathan,https://scontent-atl3-1.cdninstagram.com/v/t51.2885-19/386942105_338484841920910_7719500585217730272_n.jpg?stp=dst-jpg_s150x150&_nc_ht=scontent-atl3-1.cdninstagram.com&_nc_cat=110&_nc_ohc=X_nmwOPvn6IAX8CFEAH&edm=AOG-cTkBAAAA&ccb=7-5&oh=00_AfCtivCclma4mKUnIJZ8HgIQBsN0lYOVKyVB1DFSnygI5Q&oe=6564D6CD&_nc_sid=17ea04,TRUE,FALSE
63167930914,pakalupapito26,Palak Desai,https://scontent-atl3-2.cdninstagram.com/v/t51.2885-19/403217130_356291513574541_2066068449825467606_n.jpg?stp=dst-jpg_s150x150&_nc_ht=scontent-atl3-2.cdninstagram.com&_nc_cat=101&_nc_ohc=HU6u4osqT3kAX-tPu2Y&edm=AOG-cTkBAAAA&ccb=7-5&oh=00_AfB4Wa7GZ7dxgsz19akQg5OpaHx06wQUanUd3_OAyVxA-Q&oe=6563C55E&_nc_sid=17ea04,TRUE,FALSE
10236527565,nithya_jayakumar_j,Nithya Jayakumar,https://scontent-atl3-1.cdninstagram.com/v/t51.2885-19/239906739_539162977069184_2107507750886582397_n.jpg?stp=dst-jpg_s150x150&_nc_ht=scontent-atl3-1.cdninstagram.com&_nc_cat=108&_nc_ohc=nEpeL2rM280AX_Sue7q&edm=AOG-cTkBAAAA&ccb=7-5&oh=00_AfDVLxlyCwGLSO8Orj0sPCtfGZfM6m-Dp8pA9dmeb-wVTg&oe=6564A745&_nc_sid=17ea04,FALSE,FALSE
3120529786,varun_chadha1,Varun Chadha,https://scontent-atl3-2.cdninstagram.com/v/t51.2885-19/330401698_121830847481332_4712510192427430308_n.jpg?stp=dst-jpg_s150x150&_nc_ht=scontent-atl3-2.cdninstagram.com&_nc_cat=104&_nc_ohc=k2UiUrDd7bQAX_nv4l8&edm=AOG-cTkBAAAA&ccb=7-5&oh=00_AfCRHSEowvwlhjN0UfCnczQbnt1Q9NkNANBan_Q5b1dPvQ&oe=656384DA&_nc_sid=17ea04,TRUE,FALSE
61737421700,kesavan.varun,VK,https://scontent-atl3-2.cdninstagram.com/v/t51.2885-19/44884218_345707102882519_2446069589734326272_n.jpg?_nc_ht=scontent-atl3-2.cdninstagram.com&_nc_cat=1&_nc_ohc=ERs2me4jQUUAX-5hn_-&edm=AAAAAAABAAAA&ccb=7-5&ig_cache_key=YW5vbnltb3VzX3Byb2ZpbGVfcGlj.2-ccb7-5&oh=00_AfBMjdnwLxMMyh-pss7pcpfbNb9dtO2FdERnGUrP9gG5kg&oe=65654D0F&_nc_sid=2c5659,FALSE,FALSE
49723159351,soniyalogesh__68,Soniyalogesh,https://scontent-atl3-2.cdninstagram.com/v/t51.2885-19/243302782_387560079564731_25151789889242495_n.jpg?stp=dst-jpg_s150x150&_nc_ht=scontent-atl3-2.cdninstagram.com&_nc_cat=111&_nc_ohc=acrvtnl1v7QAX9L7-n_&edm=AOG-cTkBAAAA&ccb=7-5&oh=00_AfByX0ZashqsxClHLHku-l-rc6RuccqfZ5-Z0WYmd20hbQ&oe=6563E0E1&_nc_sid=17ea04,FALSE,FALSE
62183856961,arya_mulay_13_05,Arya Mulay,https://scontent-atl3-1.cdninstagram.com/v/t51.2885-19/378531300_683068433731959_8120569903238803576_n.jpg?stp=dst-jpg_s150x150&_nc_ht=scontent-atl3-1.cdninstagram.com&_nc_cat=103&_nc_ohc=jWdwK3B4_woAX-O1igY&edm=AOG-cTkBAAAA&ccb=7-5&oh=00_AfBFZxTcjeEiIxv0p2Bxn2zBWEb0GGKfMJU0M2nyldSLcw&oe=6564A4EA&_nc_sid=17ea04,FALSE,FALSE
42758881898,dark_warrior0003,‚ú∞ùêíùêÆùêùùê°ùêöùê´ùê¨ùêöùêßùêöùêß‚ú∞,https://scontent-atl3-2.cdninstagram.com/v/t51.2885-19/403855058_2003709113339968_5708034434128989983_n.jpg?stp=dst-jpg_s150x150&_nc_ht=scontent-atl3-2.cdninstagram.com&_nc_cat=104&_nc_ohc=6XKU9vmL1dIAX_NqwTs&edm=AOG-cTkBAAAA&ccb=7-5&oh=00_AfArTHfR2j7MszICIcbFVVhZD2XWiGQdabEADRqQitXscg&oe=6564F4EC&_nc_sid=17ea04,TRUE,FALSE
62228183220,ashvathi__01,Ashvathiüòêüòê,https://scontent-atl3-2.cdninstagram.com/v/t51.2885-19/44884218_345707102882519_2446069589734326272_n.jpg?_nc_ht=scontent-atl3-2.cdninstagram.com&_nc_cat=1&_nc_ohc=ERs2me4jQUUAX-5hn_-&edm=AAAAAAABAAAA&ccb=7-5&ig_cache_key=YW5vbnltb3VzX3Byb2ZpbGVfcGlj.2-ccb7-5&oh=00_AfBMjdnwLxMMyh-pss7pcpfbNb9dtO2FdERnGUrP9gG5kg&oe=65654D0F&_nc_sid=2c5659,TRUE,FALSE
49969012261,chocolat___heart___,‚îï‚îÅ‚îÅ‚îÅ‚îÅ‚îÅÃ∂RÃ∂aÃ∂nÃ∂aÃ∂ ‚îÅ‚îÅ‚îÅ‚îÅ‚îÅ‚îë üñ§ @ ___,https://scontent-atl3-2.cdninstagram.com/v/t51.2885-19/364167766_947135389681661_5841397150813720300_n.jpg?stp=dst-jpg_s150x150&_nc_ht=scontent-atl3-2.cdninstagram.com&_nc_cat=105&_nc_ohc=fZLUI1NBD4cAX-69sJ_&edm=AOG-cTkBAAAA&ccb=7-5&oh=00_AfDi6kubi-V9HF_f3Md54nc6zOK7xDZ3gwTnj_Q45fJbcQ&oe=65653AAA&_nc_sid=17ea04,FALSE,FALSE
62226410515,rajeshprajapati8276,Rajesh K Prajapati,https://scontent-atl3-1.cdninstagram.com/v/t51.2885-19/396452826_148570964981025_6302285717607489776_n.jpg?stp=dst-jpg_s150x150&_nc_ht=scontent-atl3-1.cdninstagram.com&_nc_cat=109&_nc_ohc=atlQgUL8pi0AX_rQOXc&edm=AOG-cTkBAAAA&ccb=7-5&oh=00_AfC2GIkPxu5enV39vnHDWuxgvLrkifhxOe32m7OUNzOzlw&oe=65642F35&_nc_sid=17ea04,FALSE,FALSE
43350645703,thanigai.vel.355138,Thanigai Vel,https://scontent-atl3-2.cdninstagram.com/v/t51.2885-19/404260054_1065854837881120_7983903530165598377_n.jpg?stp=dst-jpg_s150x150&_nc_ht=scontent-atl3-2.cdninstagram.com&_nc_cat=104&_nc_ohc=x9vcsgxOiAkAX-Ud4Cq&edm=AOG-cTkBAAAA&ccb=7-5&oh=00_AfBZwX3K74v3pit7TSoYNfSLprFQdmUTdZcvMctrDRMyyA&oe=6564D62A&_nc_sid=17ea04,TRUE,FALSE
31598227091,shivam188930,_ShivamMishra,https://scontent-atl3-2.cdninstagram.com/v/t51.2885-19/399606718_869212567866649_4550328762228923673_n.jpg?stp=dst-jpg_s150x150&_nc_ht=scontent-atl3-2.cdninstagram.com&_nc_cat=101&_nc_ohc=T1WVK0FvhcEAX8frzzg&edm=AOG-cTkBAAAA&ccb=7-5&oh=00_AfB8x0VnOFfihz42T0z18hQLYdp_Wc9bjrX4ECcppZ1YoA&oe=6565459E&_nc_sid=17ea04,TRUE,FALSE